EPISODE TITLE,PUBLISHED,EPISODE DURATION,PODCAST TITLE,SPAN OPT IN,STREAMING OPT IN,TOTAL DELIVERY,TOTAL DOWNLOADS,TOTAL STREAMS
Ja OUT in 2 Years! Steph Got CHIPOTLE & LeBron Going HOME!,2026-02-06 23:37:00 UTC,3748.08,Road Trippin’ Show,1,1,9346.0,5736.0,3610.0
NBA FIGHT NIGHT! Harden TRANSFORMS Cavs & Tatum RETURNS?!,2026-02-10 20:30:00 UTC,3953.82,Road Trippin’ Show,1,1,8979.0,5629.0,3350.0
CP3 RETIRES! WEMBY Next Face of NBA & Tanking FAILURE!,2026-02-13 20:14:00 UTC,3596.56,Road Trippin’ Show,1,1,8582.0,5454.0,3128.0
JB Bickerstaff: Cade is MVP! Duren’s SELFISH Secret & NEW Fight DETAILS!,2026-02-17 10:00:00 UTC,3525.9,Road Trippin’ Show,1,1,8355.0,4908.0,3447.0
We Have A CHAMPION! Is Brunson TOP 5 + Spurs Next Move Feat. Robert Horry & Tracy Morgan,2026-06-15 21:36:00 UTC,5369.96,Road Trippin’ Show,1,1,8329.0,5816.0,2513.0
"Things Got WEIRD in Milwaukee, Perk QUESTONS Ja's Future + HOU vs LAL: KD's Legacy on the Line?",2026-04-13 20:49:00 UTC,5186.43,Road Trippin’ Show,1,1,8190.0,5641.0,2549.0
Luka & LeBron COMBINE for 70! Cade's Collapsed Lung & All-NBA CHAOS,2026-03-19 22:36:00 UTC,3812.57,Road Trippin’ Show,1,1,7981.0,5719.0,2262.0
Luka RETURNS! Draymond DEFINES This Era & PERK COOKS Paolo!,2026-04-16 21:40:00 UTC,5672.49,Road Trippin’ Show,1,1,7395.0,4653.0,2742.0
"INSANE Game 7s! Breaking Down Celtics COLLAPSE, Jaylen Brown's CRASH OUT, Cavs and Pistons ADVANCE!",2026-05-04 22:28:00 UTC,5999.26,Road Trippin’ Show,1,1,7384.0,4611.0,2773.0
"ROUND 2! RT Reacts To Wolves STUNNING Spurs in Game 1, Pistons, Knicks, and OKC Still Rolling",2026-05-06 19:59:00 UTC,3985.08,Road Trippin’ Show,1,1,7320.0,4754.0,2566.0
"Tatum RETURNS...Too Soon? RJ's Spurs WARNING! & Draymond's ""UNACCEPTABLE!""",2026-03-06 23:05:00 UTC,4053.84,Road Trippin’ Show,1,1,7175.0,4815.0,2360.0
What's Up With Jaden Ivey? Wemby And SGA Going BAND FOR BAND! & March MADNESS Update,2026-03-31 21:26:00 UTC,4824.92,Road Trippin’ Show,1,1,7089.0,4459.0,2630.0
"KD NO SHOW In Game 1,  Magic Get The UPSET Can Anyone Slow Down Jokic and SGA? + Wemby MAKES HISTORY",2026-04-20 20:43:00 UTC,5262.6,Road Trippin’ Show,1,1,7000.0,4557.0,2443.0
Magic City CROSSES LINE! Paolo Getting Coach FIRED! & Peterson QUIT on Kansas!,2026-03-03 20:58:00 UTC,3999.32,Road Trippin’ Show,1,1,6996.0,4739.0,2257.0
We Have A Game 7! Wemby vs SGA For A Trip To The Finals! Road Trippin' In The Morning,2026-05-29 20:33:00 UTC,3940.87,Road Trippin’ Show,1,1,6963.0,5033.0,1930.0
DON’T TOUCH the NBA DRAFT! Cade OVER Luka & SHUT Steph DOWN!,2026-02-20 22:51:00 UTC,3400.86,Road Trippin’ Show,1,1,6915.0,4704.0,2211.0
"Rockets IMPLODE, LeBron MAGIC in GM2, Wolves TARGET Jokic & Murray",2026-04-22 22:04:00 UTC,3996.76,Road Trippin’ Show,1,1,6909.0,4532.0,2377.0
"Rockets Playing FREE Without KD, RJ GOES OFF on Perk & Cavs Have NO Urgency",2026-04-30 19:58:00 UTC,4328.67,Road Trippin’ Show,1,1,6784.0,4593.0,2191.0
Jaylen MVP! KD BLASTS AAU! Ant SLAMS Memphis! & MVP Rules BROKEN!,2026-02-24 22:34:00 UTC,4188.84,Road Trippin’ Show,1,1,6781.0,4532.0,2249.0
"Who Is SAFE In NBA Expansion? How The Lakers LOCKED DOWN Houston, And Hawks STAY HOT!",2026-03-17 19:51:00 UTC,4136.15,Road Trippin’ Show,1,1,6747.0,4657.0,2090.0
"Bam’s Record DEBATE, Houston Going HOME & Dejounte DISRESPECTS NBA",2026-03-12 21:17:00 UTC,4553.35,Road Trippin’ Show,1,1,6707.0,4391.0,2316.0
Do The Lakers Need a MAKEOVER? + Channing ROASTS Duren: ‘You’ve Been A SHART!’,2026-05-12 22:36:00 UTC,3639.0,Road Trippin’ Show,1,1,6707.0,4385.0,2322.0
Biggest Comeback In Finals HISTORY! OG's Game-Winner & Finals MVP Race Heats Up,2026-06-12 22:53:00 UTC,5144.57,Road Trippin’ Show,1,1,6670.0,4539.0,2131.0
Perk WALKS BACK Luka-Embiid Comparison + Declares Wemby BEST IN THE NBA,2026-05-15 20:26:00 UTC,5024.53,Road Trippin’ Show,1,1,6614.0,4549.0,2065.0
RJ & Perk CLASH Over Spurs: Experience OVERRATED?? + HEATED Harden vs Wade Debate,2026-04-02 20:33:00 UTC,4655.1,Road Trippin’ Show,1,1,6607.0,4489.0,2118.0
What REALLY Happened Between Luka & Goga? Perk REVEALS KG Secrets & Predicts Spurs CHIP,2026-03-24 22:27:00 UTC,5119.11,Road Trippin’ Show,1,1,6567.0,4521.0,2046.0
Channing Says TRADE Donovan Mitchell & Perk's AAU Incident EXPLAINED!,2026-05-27 19:50:00 UTC,4655.48,Road Trippin’ Show,1,1,6419.0,4064.0,2355.0
Paolo's Parents HATE Perk?! LeBron's Last Run & Jokic CRACKING in G6,2026-04-28 21:15:00 UTC,3949.19,Road Trippin’ Show,1,1,6418.0,4396.0,2022.0
"Knicks vs Spurs NBA Finals SPECIAL w/ Malika Andrews, James Jones & Will Reeve",2026-06-05 14:54:00 UTC,3172.5,Road Trippin’ Show,1,1,6329.0,4355.0,1974.0
Ayton NOT Beyoncé! Perk ATTACKS Kyrie & RJ’s MVP SURPRISE!,2026-02-27 21:23:00 UTC,3456.94,Road Trippin’ Show,1,1,6319.0,4432.0,1887.0
Jayson Tatum Is BACK! SGA Calls GAME and Ties WILT! & The Knicks go 0-2 In LA,2026-03-10 22:05:00 UTC,4577.25,Road Trippin’ Show,1,1,6306.0,4386.0,1920.0
"Perk TORCHES KD, Udoka & Selfish Rockets + How Far Will LeBron’s Lakers Go?",2026-04-26 14:26:00 UTC,3274.68,Road Trippin’ Show,1,1,6145.0,4485.0,1660.0
"RJ & Channing CAN'T AGREE On Anything: SGA MVP, Ant's Handshake & The Randle Problem",2026-05-18 20:42:00 UTC,3930.86,Road Trippin’ Show,1,1,6095.0,4059.0,2036.0
TRADE MADNESS! Harden (& LEBRON!) to CAVS!? JJJ DUMPED & Kawhi’s EXODUS!,2026-02-03 20:14:00 UTC,4035.81,Road Trippin’ Show,1,1,6087.0,3663.0,2424.0
"Knicks vs Spurs NBA Finals PREVIEW w/ James Worthy, Robert Horry & DeAndre Jordan",2026-06-03 17:32:00 UTC,3532.43,Road Trippin’ Show,1,1,6018.0,3974.0,2044.0
Spurs STEAL Game 3! Knicks vs Wemby With The NBA FINALS On The LINE,2026-06-09 19:55:00 UTC,3368.8,Road Trippin’ Show,1,1,5919.0,4014.0,1905.0
Cavs EPIC Meltdown & Wemby's LEGENDARY Performance RUINS SGA's MVP Celebration,2026-05-20 20:37:00 UTC,4660.26,Road Trippin’ Show,1,1,5822.0,3888.0,1934.0
"Perk SHREDS Rich Paul's Jordan Take, Brunson LOCKED In & Kawhi OVER Pippen",2026-06-01 00:21:00 UTC,3341.04,Road Trippin’ Show,1,1,5762.0,4166.0,1596.0
Perk Declares Lakers COOKED + J-Kidd Calls In LIVE for Cooper Flagg’s ROTY Case,2026-04-10 23:58:00 UTC,4728.42,Road Trippin’ Show,1,1,5744.0,4040.0,1704.0
Perk's Darryn Peterson KOBE Comp Gets SHUT DOWN + Jaylen Brown TALKED Himself Out Of Boston,2026-06-22 21:48:00 UTC,4751.61,Road Trippin’ Show,1,1,5728.0,4243.0,1485.0
"""Go Back To Cleveland"" - Channing's LeBron Final Year Plan",2026-05-22 16:18:00 UTC,1525.29,Road Trippin’ Show,1,1,5661.0,3997.0,1664.0
"Perk Unplugged: Killa Kyleon TORCHES KD, ROASTS CJ Stroud & DECLARES Houston Rap DEAD!",2026-03-01 10:00:00 UTC,4728.22,Road Trippin’ Show,1,1,5586.0,4445.0,1141.0
Celtics FINALS LOCK! KD’s Milestone IGNORED & Channing WRONG On Hawks,2026-03-26 22:40:00 UTC,4100.83,Road Trippin’ Show,1,1,5451.0,3846.0,1605.0
"French Montana & Max B Want A Brunson STATUE + Perk GOES OFF On AWFUL ""Participation Trophy"" Take",2026-06-17 23:14:00 UTC,4207.47,Road Trippin’ Show,1,1,5411.0,4251.0,1160.0
"LaMelo Ball TRADED To The Timberwolves, Giannis Traded To The Heat + 2016 Cavs Trip Recap",2026-06-25 20:25:00 UTC,4686.38,Road Trippin’ Show,1,1,5388.0,3474.0,1914.0
"Perk Unplugged: The Wood's Stacy on Hollywood BETRAYAL, Dodging DIDDY PARTIES & Ray Allen ""ACTING""",2026-02-22 10:00:00 UTC,4072.62,Road Trippin’ Show,1,1,5326.0,4394.0,932.0
"Perk Unplugged: LeBron ENRAGES Black Memphis, Pooh Shiesty ROBS Gucci Mane & Perk DEFENDS Jaden Ivey",2026-04-05 15:53:00 UTC,3550.33,Road Trippin’ Show,1,1,5294.0,4038.0,1256.0
Perk Unplugged: Kmart SONS Producer! Perk ATTACKS Acho & Brown FORCED Tatum BACK!,2026-03-22 16:00:00 UTC,4285.23,Road Trippin’ Show,1,1,5169.0,4164.0,1005.0
Perk Unplugged: Wemby LOOKS Like AI! Danuel House Jr. DONE? & Killa Kyleon TI vs. 50 DEBATE,2026-03-15 09:00:00 UTC,4725.66,Road Trippin’ Show,1,1,5154.0,4194.0,960.0
"Portland SKIMPS on Splitter, Jokić Isn’t RELATABLE & Avdija’s TRUE Ceiling",2026-04-24 20:57:00 UTC,1552.69,Road Trippin’ Show,1,1,5083.0,3853.0,1230.0
"Channing Mailbag: 47 Threes IN A ROW, Bam's 83 POINTS & NBA Wine Rankings",2026-03-13 15:07:00 UTC,1048.53,Road Trippin’ Show,1,1,4888.0,3913.0,975.0
Perk Unplugged: Perk DEFENDS Stephen A. After Cam Newton Brought the OPPS & Tiger Woods’ DUI,2026-03-29 17:03:00 UTC,4185.6,Road Trippin’ Show,1,1,4692.0,3896.0,796.0
Channing Mailbag: Mobley Has The YIPS! Clingan is KING & Moon Landing CONSPIRACY,2026-03-27 12:26:00 UTC,1107.02,Road Trippin’ Show,1,1,4539.0,3631.0,908.0
"Channing's Mailbag: LeBron vs Nash as Passer, Vince vs DeMar & Why 60's Moon Landing FAKE",2026-04-09 15:00:00 UTC,1697.78,Road Trippin’ Show,1,1,4440.0,3478.0,962.0
"Perk & Killa Make ROTY, COTY, MVP Picks, Talk Beefs, & Breakdown VC + TMac vs PG and DeMar",2026-04-12 22:25:00 UTC,5658.54,Road Trippin’ Show,1,1,4426.0,3640.0,786.0
Delly Looks Like A WWE Wrestler Now - Channing's Mailbag,2026-06-26 19:48:00 UTC,1341.25,Road Trippin’ Show,1,1,4187.0,3054.0,1133.0
GIRLS TRIPP! Caitlin Clark Is Cooper’s MVP! A’ja GOAT Chase & Ruocco REVEALS “You Bet” Origin,2026-05-21 09:20:00 UTC,5518.91,Road Trippin’ Show,1,1,4010.0,3269.0,741.0
"Perk RESPONDS to Jaylen Brown, LeBron to GSW? & RJ's PSA to EVERY Member of 2016 Cavs",2026-06-29 20:50:00 UTC,4443.17,Road Trippin’ Show,1,1,3915.0,2808.0,1107.0
"GIRLS TRIPP! Skylar Diggins DRAMA, Cynthia Cooper on GREATNESS & Olivia Miles' PERFECT Fit",2026-06-11 16:24:00 UTC,5294.5,Road Trippin’ Show,1,1,3697.0,3154.0,543.0
Perk Crowns Ant & LaMelo The NBA’s BEST Backcourt,2026-06-28 19:49:00 UTC,4479.92,Road Trippin’ Show,1,1,3641.0,2829.0,812.0
Knueppel BETTER THAN Flagg? RJ Defends CRYING LeBron & SECRET Cavs Chat EXPOSED!,2026-01-30 20:43:00 UTC,3670.2,Road Trippin’ Show,1,1,3628.0,3187.0,441.0
"GIRLS TRIPP! Candace Parker OPENS UP About Championships, Motherhood & The Hall of Fame",2026-05-28 19:57:00 UTC,5485.95,Road Trippin’ Show,1,1,3542.0,2981.0,561.0
GIRLS TRIPP! Swin Cash on PAYING OGs + Fever Sideline DRAMA & Chicago's GHASTLY Trades!,2026-06-05 09:15:00 UTC,2100.67,Road Trippin’ Show,1,1,3397.0,2874.0,523.0
GIRLS TRIPP! Cynthia Cooper Wants JuJu in Houston! + Her VHS Draft Story!?,2026-06-25 21:03:00 UTC,5142.67,Road Trippin’ Show,1,1,3077.0,2663.0,414.0
GIRLS TRIPP! This No. 1 Pick Made ONLY $40K & Kelsey Plum Is The BEST Guard In The Game!,2026-06-18 21:00:00 UTC,4123.92,Road Trippin’ Show,1,1,1503.0,1468.0,35.0
Ayton's Career COOKED! Jeanie TURNS on LeBron & Perk DEFENDS Kuminga!,2026-01-23 23:27:03 UTC,4605.73,Road Trippin’ Show,1,1,1177.0,934.0,243.0
"Luka MVP FRAUD? Ayton Getting BENCHED, Giannis WASTING Prime & Paolo Magic's PROBLEM",2026-01-27 20:44:00 UTC,3710.46,Road Trippin’ Show,1,1,891.0,356.0,535.0
93. RJ feat. Luke Walton,2018-12-31 08:00:00 UTC,3970.87,Road Trippin’ Show,1,1,517.0,494.0,23.0
29.  Let the ECF begin!,2017-05-26 14:50:00 UTC,3481.26,Road Trippin’ Show,1,1,501.0,492.0,9.0
243: 2023 NBA Playoff Preview! Who Wins It All?,2023-04-13 14:59:00 UTC,1743.7,Road Trippin’ Show,1,1,493.0,493.0,0.0
"Giannis AFRAID of TRADE, NO Team Wants RUSS & Is Cooper Flagg Larry Bird?",2025-10-08 22:00:00 UTC,3657.59,Road Trippin’ Show,1,1,473.0,453.0,20.0
LeBron on Kyrie's BROKEN Trust & His TOUGHEST Title (REPLAY),2026-01-01 10:00:00 UTC,1805.19,Road Trippin’ Show,1,1,455.0,227.0,228.0
301: Road Trippin' Best Moments of 2023,2023-12-20 18:00:29 UTC,3399.47,Road Trippin’ Show,1,1,385.0,382.0,3.0
"Tony Allen ARREST BS, Lakers DOMINATE, Wemby EXPOSED & Cavs FRAUDS",2025-11-07 00:37:59 UTC,3494.27,Road Trippin’ Show,1,1,344.0,316.0,28.0
214: The Brooklyn Blowup,2022-10-04 10:00:00 UTC,4037.59,Road Trippin’ Show,1,1,337.0,336.0,1.0
SGA Top 50 ALL-TIME?! Cooper Flagg OVERHYPED?? & NBA Grind BREAKING Players!,2025-06-24 23:03:28 UTC,4131.58,Road Trippin’ Show,1,1,330.0,327.0,3.0
"Jaylen Brown Is MVP, Trae Young DEMANDS Trade & American Basketball is 'SH*T!'",2026-01-07 00:35:28 UTC,4051.28,Road Trippin’ Show,1,1,317.0,242.0,75.0
"1. Richard, Channing & Allie feat. Kyrie Irving",2017-01-17 17:18:00 UTC,3918.21,Road Trippin’ Show,1,1,312.0,248.0,64.0
"Jimmy Butler DONE, Ant Edwards ROBBED & Knicks Chemistry CRISIS!? (LIVE)",2026-01-20 22:54:00 UTC,4181.86,Road Trippin’ Show,1,1,310.0,173.0,137.0
141: Joe Johnson,2021-01-18 16:00:00 UTC,3222.15,Road Trippin’ Show,1,1,268.0,267.0,1.0
"Austin Reaves IS an ALL-STAR, RJ Backs Jordan's Load Management & Giannis Travel Debate",2025-10-30 23:01:36 UTC,3831.77,Road Trippin’ Show,1,1,256.0,218.0,38.0
"QUIT School for NBA? John Wall RETIRES, Kyrie the FARMER & Giannis SLAPS Teammate!",2025-08-20 04:00:00 UTC,4366.68,Road Trippin’ Show,1,1,250.0,245.0,5.0
"133: Stan Van Gundy, Former NBA Head Coach",2020-10-07 16:17:00 UTC,2680.5,Road Trippin’ Show,1,1,250.0,248.0,2.0
Will the Heat TRADE Jimmy Butler? | Are the Cavs and OKC Legit?,2025-01-09 14:00:00 UTC,3407.15,Road Trippin’ Show,1,1,242.0,235.0,7.0
"Schröder vs Luka BEEF, AD DONE in Dallas & Lakers Trade HEAT (LIVE)",2026-01-13 20:55:29 UTC,4925.75,Road Trippin’ Show,1,1,234.0,129.0,105.0
18.  Tim Duncan ... Who would have thought?,2017-03-27 15:59:00 UTC,2594.98,Road Trippin’ Show,1,1,233.0,108.0,125.0
171: Boban Marjanović,2021-12-15 16:00:00 UTC,2434.53,Road Trippin’ Show,1,1,224.0,223.0,1.0
"College Hoops CRISIS, Kerr’s Kuminga PROBLEM & Wemby Goes BALD",2026-01-16 23:34:45 UTC,3366.69,Road Trippin’ Show,1,1,194.0,127.0,67.0
"NBA STARS DUMPED! Ja Morant, Trae Young AND Zion Williamson TRADED!?",2026-01-10 00:40:39 UTC,3477.13,Road Trippin’ Show,1,1,192.0,125.0,67.0
"146: Danny Green, 3X NBA Champ + Spur Stories on Coach Pop",2021-03-01 16:00:00 UTC,2193.76,Road Trippin’ Show,1,1,181.0,179.0,2.0
144: Meme God Josiah Johnson & YouTuber Mark Phillips,2021-02-15 16:00:00 UTC,3771.59,Road Trippin’ Show,1,1,179.0,178.0,1.0
269: What REALLY Makes an NBA Player Hall of Fame Worthy!,2023-08-11 10:00:00 UTC,2135.67,Road Trippin’ Show,1,1,165.0,164.0,1.0
20.  The launch to find Owen Wilson & our 1st EVER LIVE Pod ...,2017-04-13 03:40:00 UTC,1496.97,Road Trippin’ Show,1,1,162.0,155.0,7.0
113. De'Aaron & Doug feat. Harrison Barnes & Corey Brewer,2019-05-06 18:56:00 UTC,3542.73,Road Trippin’ Show,1,1,161.0,160.0,1.0
118: CC Sabathia joins RT in Quarantine,2020-04-09 15:00:00 UTC,3505.42,Road Trippin’ Show,1,1,158.0,151.0,7.0
219: Kyrie Apologizes | Zach Lowe on Draymond,2022-11-05 00:13:00 UTC,4744.05,Road Trippin’ Show,1,1,152.0,151.0,1.0
266: Trey Murphy Kept The Receipts On All The Players Who Were Drafted Before Him,2023-07-25 10:00:00 UTC,2895.31,Road Trippin’ Show,1,1,151.0,151.0,0.0
"CHRISTMAS SPECIAL: Cavs CRISIS DEBATE, RJ’s LEGENDARY Klay Dunk & Westbrook’s FORGOTTEN Moment",2025-12-25 10:00:00 UTC,3181.11,Road Trippin’ Show,1,1,147.0,99.0,48.0
143: Kevin Love Completes The Triangle,2021-02-01 16:00:00 UTC,2543.62,Road Trippin’ Show,1,1,146.0,141.0,5.0
TEAM USA WINS GOLD!!! Our USA vs. France Men's Basketball Live Postgame Reaction,2024-08-11 22:24:53 UTC,2575.1,Road Trippin’ Show,1,1,145.0,140.0,5.0
"110. RJ, Channing & Allie feat. Gilbert Arenas & Nick Young",2019-04-08 17:02:00 UTC,3185.5,Road Trippin’ Show,1,1,145.0,58.0,87.0
"Draymond EXPLODES on Kerr, Brooks vs LeBron: NBA's Best Beef? + KD Skips Showers!",2025-12-24 01:18:34 UTC,3100.4,Road Trippin’ Show,1,1,143.0,92.0,51.0
"THANKSGIVING SPECIAL: Perk's SECRET Turkey, RJ's HONEY-BAKED Ham & Channing's DIABETES Potatoes",2025-11-27 10:00:00 UTC,2139.48,Road Trippin’ Show,1,1,142.0,117.0,25.0
Channing CLAPS BACK at Pablo Torre & Reddit Haters + RJ QUESTIONS Brady Cheating as Owner,2025-09-17 21:26:21 UTC,3538.65,Road Trippin’ Show,1,1,140.0,116.0,24.0
232: Aren't You Embarrassed?,2023-01-26 03:00:00 UTC,3409.03,Road Trippin’ Show,1,1,138.0,137.0,1.0
"BEEFS, BETS & BLOWUPS! Road Trippin's WILDEST Moments!",2025-12-31 00:20:00 UTC,3604.51,Road Trippin’ Show,1,1,130.0,78.0,52.0
"OKC Going 80-2, NBA's UNWRITTEN N-Word Rules & Why Athletes Go BROKE",2025-12-10 01:14:05 UTC,4051.23,Road Trippin’ Show,1,1,129.0,96.0,33.0
"LeBron and Luka vs. The TWolves, Playoff Jimmy Butler and Nuggets Getting SWEPT?!",2025-04-16 21:26:10 UTC,3833.23,Road Trippin’ Show,1,1,127.0,125.0,2.0
NBA Cup FINALS! JR Smith CRASHES POD & Candyman CHOKED Perk!?,2025-12-16 21:34:20 UTC,3159.04,Road Trippin’ Show,1,1,125.0,89.0,36.0
"114. RJ, Channing & Allie feat. Jared Dudley",2019-10-15 18:03:51 UTC,3688.15,Road Trippin’ Show,1,1,124.0,117.0,7.0
Knicks DISRESPECT the Cup! Giannis ISN’T the Answer + OKC vs LEGENDS DEBATE!,2025-12-19 00:30:12 UTC,3670.15,Road Trippin’ Show,1,1,122.0,87.0,35.0
"162: Road Trippin', NOT the Milwaukee Bucks LIVE",2021-07-26 15:31:00 UTC,3072.24,Road Trippin’ Show,1,1,122.0,121.0,1.0
Did Chris Paul BACKSTAB T-Lue?! + Giannis SLEEPER Trades & LeBron Streak in DANGER!,2025-12-05 00:34:55 UTC,3712.6,Road Trippin’ Show,1,1,119.0,80.0,39.0
32.  King James drops by for the season FINALE,2017-06-16 04:57:00 UTC,3729.5,Road Trippin’ Show,1,1,118.0,91.0,27.0
"Billups ARRESTED, Perk Almost FOUGHT SHAQ & Wemby DOMINATES!",2025-10-23 23:56:31 UTC,3855.33,Road Trippin’ Show,1,1,115.0,84.0,31.0
"Nico Harrison FIRED (Too Soon?), RJ vs Perk Cavs DEBATE & Cade's HISTORIC Night",2025-11-11 23:52:47 UTC,3703.12,Road Trippin’ Show,1,1,111.0,86.0,25.0
"Draymond vs K-Mart BEEF, Simmons APOLOGIZES to Perk & Chris Paul RETIRES!",2025-11-26 00:25:00 UTC,2691.21,Road Trippin’ Show,1,1,110.0,79.0,31.0
Perk & RJ DEFEND Russ to the Kings + The REAL Reason James Harden Left OKC,2025-10-17 12:55:38 UTC,4125.31,Road Trippin’ Show,1,1,109.0,82.0,27.0
178: What Happens In Vegas?,2022-03-21 10:00:00 UTC,3552.13,Road Trippin’ Show,1,1,109.0,107.0,2.0
'Giannis is a COWARD!’ NBA Defense Is BROKEN! & KD Legacy DEBATE!,2025-12-12 00:51:23 UTC,3618.77,Road Trippin’ Show,1,1,107.0,77.0,30.0
Kawhi WORST Signing EVER!? Flagg BREAKS LeBron Record & Giannis DELETES Bucks!,2025-12-03 00:53:14 UTC,3763.51,Road Trippin’ Show,1,1,107.0,71.0,36.0
169: Road Trippin' Trolls & The Start of the NBA Season,2021-11-02 15:00:00 UTC,2751.48,Road Trippin’ Show,1,1,105.0,103.0,2.0
"Jokic Bench PROBLEM, Knicks WASTING KAT, Pistons WANT AD & LeBron RETURNS",2025-11-21 00:14:19 UTC,3960.84,Road Trippin’ Show,1,1,102.0,77.0,25.0
"Zion ‘F*CKED’ the Pelicans, Trae Trade INCOMING & Cade is NBA’s FUTURE",2025-11-18 23:26:00 UTC,3544.82,Road Trippin’ Show,1,1,101.0,71.0,30.0
Mark Cuban FIRES BACK at Pablo Torre’s ‘Smoking Gun’: “It’s Exactly What Scammers Do”,2025-09-11 22:44:26 UTC,3487.01,Road Trippin’ Show,1,1,101.0,85.0,16.0
280: INSIDE the Damian Lillard Trade: What it Means for the Bucks & Blazers!,2023-09-28 10:00:00 UTC,2489.78,Road Trippin’ Show,1,1,101.0,100.0,1.0
Summer League Special: LeBron to Cleveland?! Why Team USA WON’T Win GOLD & Bronny vs Flagg Breakdown,2025-07-14 17:00:00 UTC,3954.23,Road Trippin’ Show,1,1,100.0,90.0,10.0
"Comedian Gary Owen on Diddy Parties, Fixing NBA All-Star Game & Getting REJECTED by John Stockton",2025-08-07 18:00:00 UTC,3215.39,Road Trippin’ Show,1,1,99.0,91.0,8.0
295: LeBron Stays Reminding Folks | NBA Rookie Class Is DEEP,2023-11-21 11:00:00 UTC,1984.94,Road Trippin’ Show,1,1,99.0,97.0,2.0
Game Of The Week! Lakers vs. Spurs | Live Reaction,2024-11-16 04:19:34 UTC,1388.04,Road Trippin’ Show,1,1,97.0,93.0,4.0
142: Sue Bird in the Wubble & Making History,2021-01-25 16:00:00 UTC,4454.58,Road Trippin’ Show,1,1,97.0,94.0,3.0
196: Conference Finals Breakdown | NBA Fails Joel Embiid,2022-05-26 21:45:00 UTC,3598.84,Road Trippin’ Show,1,1,95.0,93.0,2.0
Perk & RJ DISMANTLE Daryl Morey’s Lakers 2020 ‘Fake Ring’ Claims + Marcus Morris Arrest EXPLAINED,2025-07-31 04:00:00 UTC,3950.89,Road Trippin’ Show,1,1,94.0,90.0,4.0
Ja SUSPENDED & Cade’s PROBLEM + Giannis MVP & Pelicans TEARDOWN?,2025-11-05 01:39:14 UTC,3704.48,Road Trippin’ Show,1,1,92.0,68.0,24.0
Has Embiid LOST His Love for the Game? + KD & LeBron WRONG About Small Guards! | PERK UNPLUGGED,2025-08-05 04:00:00 UTC,3193.42,Road Trippin’ Show,1,1,92.0,87.0,5.0
Game Of The Week! Cavs vs. Celtics | Live Reaction,2024-11-20 02:14:57 UTC,2862.97,Road Trippin’ Show,1,1,92.0,88.0,4.0
"Letting Jokić Drop 55 Was GENIUS, Pelicans EMBARRASS Willie Green & Thunder UNSTOPPABLE",2025-11-14 13:28:55 UTC,4204.17,Road Trippin’ Show,1,1,91.0,57.0,34.0
"Perk RESPONDS to Ja Morant, The LaMelo Ball Problem & Wemby Already Top 3?",2025-10-29 00:00:13 UTC,3477.66,Road Trippin’ Show,1,1,91.0,61.0,30.0
"KD Watches OKC Get Their Rings, Stephen A & Russ vs LeBron | NBA Opening Night DRAMA",2025-10-21 20:48:14 UTC,2661.3,Road Trippin’ Show,1,1,88.0,66.0,22.0
Kawhi INNOCENT in $28M Clippers Scandal? + RJ DEMOLISHES Barkley’s LeBron Take (‘F*** HIM’),2025-09-04 21:11:02 UTC,3264.34,Road Trippin’ Show,1,1,87.0,84.0,3.0
240: Megapod feat. Kendrick Perkins & Seimone Augustus,2023-03-31 15:11:00 UTC,5623.61,Road Trippin’ Show,1,1,86.0,85.0,1.0
"151: Kareem Jackson, Channing's New BFF",2021-04-12 15:00:00 UTC,3501.51,Road Trippin’ Show,1,1,86.0,84.0,2.0
180: Another Sunrise In The West,2022-03-28 10:00:00 UTC,1907.38,Road Trippin’ Show,1,1,83.0,82.0,1.0
"NBA Gambling CRISIS: Arenas ARRESTED, Beasley EVICTED, MPJ’s “STUPID” TAKE + Perk DESTROYS Stephen A",2025-08-13 04:00:00 UTC,4117.0,Road Trippin’ Show,1,1,82.0,79.0,3.0
"Bronny vs Flagg, JJ Redick vs Ayton, Beal’s Buyout + Kevin Love & Perk’s NIGHTMARE Trade Stories",2025-07-09 23:06:11 UTC,3576.08,Road Trippin’ Show,1,1,80.0,75.0,5.0
Game of the Week! Spurs vs. Mavs | Postgame Reaction,2024-10-25 14:00:00 UTC,1733.56,Road Trippin’ Show,1,1,80.0,76.0,4.0
"Summer League Reunion: Lakers Want LeBron GONE, Giannis Staying PUT & Ant Ready to Bolt?",2025-07-16 04:00:00 UTC,3051.05,Road Trippin’ Show,1,1,79.0,77.0,2.0
Would a 1v1 Tournament SAVE the All-Star Game?,2025-02-19 14:00:00 UTC,3781.41,Road Trippin’ Show,1,1,79.0,75.0,4.0
TEAM USA DEFEATS SOUTH SUDAN | Postgame Live Reaction!,2024-08-01 07:00:00 UTC,1634.38,Road Trippin’ Show,1,1,78.0,76.0,2.0
317: A Tribute To Bill Walton,2024-05-29 07:01:00 UTC,2650.78,Road Trippin’ Show,1,1,78.0,53.0,25.0
222: Candace Parker,2022-11-21 11:00:00 UTC,2756.15,Road Trippin’ Show,1,1,78.0,78.0,0.0
275: LeBron James's Points Record Will NEVER Be Broken - Here's Why,2023-09-04 10:00:00 UTC,1972.64,Road Trippin’ Show,1,1,77.0,73.0,4.0
Pistons Are FUN! | Is Shai Already MVP?,2025-01-16 14:00:00 UTC,3969.88,Road Trippin’ Show,1,1,75.0,73.0,2.0
Perk Unplugged: Marcus Smart Lakers' Missing Piece? Draymond vs. Kenyon Martin & STOP the Kobe Disrespect,2025-07-20 04:00:00 UTC,1533.26,Road Trippin’ Show,1,1,74.0,74.0,0.0
224: Max Strus,2022-12-05 11:00:00 UTC,2623.14,Road Trippin’ Show,1,1,74.0,74.0,0.0
Controversial Calls Are ALL OVER These NBA Playoffs!,2025-04-29 23:37:36 UTC,4338.55,Road Trippin’ Show,1,1,73.0,71.0,2.0
JJ Redick Has The Lakers Ready To Go To WAR!,2025-02-27 14:00:00 UTC,2991.1,Road Trippin’ Show,1,1,73.0,68.0,5.0
195: Warriors vs Mavericks | Kyrie's Burden,2022-05-20 10:00:00 UTC,2131.38,Road Trippin’ Show,1,1,73.0,72.0,1.0
"148: Phil Handy, 3X NBA Champ +  94ft Of Game",2021-03-22 15:00:00 UTC,3132.45,Road Trippin’ Show,1,1,73.0,69.0,4.0
"15.  LeBron James, JR Smith & The Originals ""2nd half""",2017-03-17 15:33:00 UTC,3534.76,Road Trippin’ Show,1,1,73.0,56.0,17.0
"Shaq TORCHES Rudy Gobert (AGAIN!), Kerr’s Kuminga Problem + HOF News for Channing!?",2025-07-25 04:00:00 UTC,3859.7,Road Trippin’ Show,1,1,71.0,65.0,6.0
"3.  Richard, Channing & Allie feat. LeBron James & Kyrie Irving",2017-02-02 01:15:00 UTC,3336.41,Road Trippin’ Show,1,1,70.0,40.0,30.0
Are These NBA Stars Being Traded At The Deadline?,2025-01-29 23:34:24 UTC,3296.89,Road Trippin’ Show,1,1,69.0,65.0,4.0
304: Doc Rivers Replaces Adrian Griffin | Joel Embiid Drops 70,2024-01-25 11:00:00 UTC,3434.48,Road Trippin’ Show,1,1,69.0,68.0,1.0
230: Can A Trade Fix The Lakers?,2023-01-13 21:40:35 UTC,3605.21,Road Trippin’ Show,1,1,69.0,69.0,0.0
147: Elena Delle Donne & International Women In Sports Day,2021-03-08 16:00:00 UTC,3525.22,Road Trippin’ Show,1,1,69.0,67.0,2.0
"RJ REVEALS LeBron’s RETIREMENT PLAN, Perk GOES OFF on Zion’s WEIGHT & Steph SHUTS DOWN Kuminga DRAMA",2025-10-01 22:18:51 UTC,4210.13,Road Trippin’ Show,1,1,68.0,58.0,10.0
Free Agency WINNERS & LOSERS (Cap CRISIS)! LeBron's BS MOVE & Why KD is WRONG!,2025-07-02 07:00:00 UTC,3798.6,Road Trippin’ Show,1,1,68.0,67.0,1.0
276: The SECRET to Surviving Popovich's Criticism w/ Zach Collins,2023-09-15 10:00:00 UTC,1972.11,Road Trippin’ Show,1,1,68.0,65.0,3.0
12.  LeBron James...Uninterrupted,2017-03-06 15:11:00 UTC,4426.0,Road Trippin’ Show,1,1,68.0,43.0,25.0
Will Victor Wembanyama Win MULTIPLE Awards In 2024?,2024-10-09 15:05:14 UTC,2469.07,Road Trippin’ Show,1,1,67.0,63.0,4.0
Perk Unplugged: Orlando Paid WAY TOO MUCH For Desmond Bane + KD’s Best Landing Spot,2025-06-16 01:15:12 UTC,1792.29,Road Trippin’ Show,1,1,66.0,64.0,2.0
258: Heat 3-1 Comeback?! | NBA Offseason Storylines,2023-06-12 19:55:00 UTC,3153.16,Road Trippin’ Show,1,1,66.0,65.0,1.0
Is Draymond STILL Mad?? Phoenix Suns Lawsuit EXPOSED & Perk REVEALS Rondo’s Secret NFL Skills!,2025-08-29 14:00:00 UTC,3981.74,Road Trippin’ Show,1,1,65.0,62.0,3.0
Jayson Tatum's Injury DEFLATED Every NBA Fan,2025-05-14 21:19:12 UTC,4606.54,Road Trippin’ Show,1,1,65.0,62.0,3.0
"Breaking Down the BEEF with Charles Barkley, Tom Thibodeau and MORE!",2025-03-13 22:00:00 UTC,4308.87,Road Trippin’ Show,1,1,65.0,62.0,3.0
314: Timberwolves Dominate Nuggets | Jalen Brunson Keeps Balling,2024-05-08 07:01:00 UTC,3201.83,Road Trippin’ Show,1,1,65.0,60.0,5.0
249: Knicks In 6 or 7,2023-05-06 10:00:00 UTC,2114.46,Road Trippin’ Show,1,1,65.0,65.0,0.0
Aaron Gordon and Russell Westbrook are TAKING CHARGE For The Nuggets,2025-03-19 23:30:00 UTC,3651.6,Road Trippin’ Show,1,1,64.0,61.0,3.0
NBA Finals Game 2 Preview with Nkwain Kennedy!,2025-06-08 20:31:31 UTC,2684.89,Road Trippin’ Show,1,1,63.0,59.0,4.0
299: Should the Warriors Be Shopping Klay Thompson?,2023-12-07 11:00:00 UTC,1501.13,Road Trippin’ Show,1,1,63.0,62.0,1.0
"7.   Richard, Channing & Allie feat. Kyrie Irving",2017-02-16 18:06:00 UTC,3013.49,Road Trippin’ Show,1,1,63.0,44.0,19.0
Jamal Murray's Slow Start | Paolo Banchero is COOKING!,2024-10-31 13:00:00 UTC,2759.94,Road Trippin’ Show,1,1,62.0,56.0,6.0
"273: 76ers Exec Jameer Nelson On His New Role, Dwight vs. Wemby & Underappreciated Players",2023-08-24 10:00:00 UTC,3424.31,Road Trippin’ Show,1,1,62.0,62.0,0.0
212: NBA's Most Wanted Jerseys + NFT $$ w/Sean Kelly,2022-09-21 10:00:00 UTC,3565.82,Road Trippin’ Show,1,1,62.0,62.0,0.0
"Perk Unplugged: Skinny Luka for MVP, Pelicans Got Next Jokić?! & Ravens Winning Super Bowl!",2025-07-29 08:00:00 UTC,1621.29,Road Trippin’ Show,1,1,61.0,58.0,3.0
Perk Unplugged: Lakers DONE with LeBron? & Giannis is NOT LEAVING Milwaukee!,2025-07-03 17:22:40 UTC,1934.55,Road Trippin’ Show,1,1,61.0,60.0,1.0
168: 75th Anniversary of The NBA,2021-10-01 15:46:00 UTC,3696.51,Road Trippin’ Show,1,1,61.0,57.0,4.0
160: John Michael Celebrates The Cavs Championship 5 Year Anniversary,2021-06-18 15:00:00 UTC,3247.12,Road Trippin’ Show,1,1,61.0,59.0,2.0
"123: Fathers Day, Richard Turns 40 & The Debut of Trippin' or Not",2020-06-24 14:00:00 UTC,1806.18,Road Trippin’ Show,1,1,61.0,59.0,2.0
86. Devin Harris,2018-09-24 07:00:00 UTC,2904.4,Road Trippin’ Show,1,1,61.0,51.0,10.0
"Chet Holmgren on Playoff Highs and Lows, OKC's Future, the Wemby Rivalry and ""What A Pro Wants""",2024-07-17 09:00:00 UTC,2517.24,Road Trippin’ Show,1,1,60.0,55.0,5.0
312: Latest Draymond Antics | Arizona Wildcats Disappoint,2024-03-30 00:00:00 UTC,2153.33,Road Trippin’ Show,1,1,60.0,58.0,2.0
306: Who's At Fault for Joel Embiid's Injury? | Cavs Are Cruising,2024-02-08 13:41:26 UTC,3808.68,Road Trippin’ Show,1,1,60.0,57.0,3.0
302: Wembanyama and The Knicks are FOR REAL w/ Kendrick Perkins,2024-01-12 11:00:00 UTC,3841.59,Road Trippin’ Show,1,1,60.0,58.0,2.0
282: Did Mike Malone Give the Lakers a Chip On Their Shoulder?,2023-10-07 10:00:00 UTC,1433.08,Road Trippin’ Show,1,1,60.0,60.0,0.0
257: Nuggets Make Adjustments | LeBron to Dallas?,2023-06-09 10:00:00 UTC,2035.49,Road Trippin’ Show,1,1,60.0,59.0,1.0
218: Damion Lee | A.D. On The Trade Block?,2022-10-28 10:00:00 UTC,4429.61,Road Trippin’ Show,1,1,60.0,59.0,1.0
LeBron James CLAPS BACK At Stephen A. Smith!,2025-03-28 00:10:39 UTC,3146.4,Road Trippin’ Show,1,1,59.0,55.0,4.0
Pat Riley Doesn't Want To TRADE Jimmy Butler to Phoenix,2025-01-23 21:49:14 UTC,2720.55,Road Trippin’ Show,1,1,59.0,57.0,2.0
322: THE NBA FREE AGENCY SPECIAL with Kendrick Perkins,2024-07-03 14:12:41 UTC,3280.12,Road Trippin’ Show,1,1,59.0,55.0,4.0
239: Are The Champs Cooked?,2023-03-20 17:42:33 UTC,4234.48,Road Trippin’ Show,1,1,59.0,59.0,0.0
Tyrese Haliburton is CLUTCH! | Warriors Win After Steph Injury,2025-05-07 20:46:22 UTC,4239.28,Road Trippin’ Show,1,1,58.0,55.0,3.0
Kawhi Leonard Puts EVERYBODY On Notice | Lakers Even Up Series,2025-04-23 21:18:44 UTC,4040.23,Road Trippin’ Show,1,1,58.0,53.0,5.0
Could a De'Aaron Fox Trade to the Nuggets Happen?,2024-12-24 14:00:00 UTC,3890.65,Road Trippin’ Show,1,1,58.0,55.0,3.0
127: LaVar Ball,2020-07-20 16:00:00 UTC,3339.76,Road Trippin’ Show,1,1,57.0,54.0,3.0
The Bucks Are A MESS! | Chet Holmgren's Injury,2024-11-12 14:00:00 UTC,3110.66,Road Trippin’ Show,1,1,56.0,52.0,4.0
303: Warriors Trade Deadline Strategy | Wemby or Chet for ROTY?,2024-01-18 11:00:00 UTC,3184.2,Road Trippin’ Show,1,1,56.0,55.0,1.0
200: Shannon Sharpe Is Lying | Kyrie Could Join Lakers,2022-06-23 19:12:44 UTC,3474.23,Road Trippin’ Show,1,1,56.0,55.0,1.0
119: Catching Up with JR Smith,2020-05-08 16:09:00 UTC,2685.0,Road Trippin’ Show,1,1,56.0,49.0,7.0
"4.  Richard, Channing & Allie feat. Kevin Love Pt. 1",2017-02-08 15:49:00 UTC,1952.05,Road Trippin’ Show,1,1,56.0,25.0,31.0
Is Giannis REALLY One Of The Best Power Forwards Of All Time?!,2025-04-05 00:16:11 UTC,2720.18,Road Trippin’ Show,1,1,55.0,52.0,3.0
Game Of The Week! Spurs vs Bucks | Live Reaction,2025-01-09 04:54:41 UTC,2767.91,Road Trippin’ Show,1,1,55.0,50.0,5.0
Game of the Week! 76ers at Clippers | Postgame Live Reaction,2024-11-07 17:52:27 UTC,3282.6,Road Trippin’ Show,1,1,55.0,51.0,4.0
Chase Budinger on His Journey From the NBA to Beach Volleyball Olympian with Teammate Miles Evans,2024-07-24 07:00:00 UTC,2482.99,Road Trippin’ Show,1,1,55.0,54.0,1.0
300: Bucks/Pacers Game Ball Drama | Draymond Needs Help,2023-12-15 11:00:00 UTC,3345.11,Road Trippin’ Show,1,1,55.0,53.0,2.0
"278: Truth or Trash: Conspiracy Edition feat. Jordan's ""Flu Game"", Steph's Finals Ejection and more!",2023-09-20 10:00:00 UTC,2287.28,Road Trippin’ Show,1,1,55.0,54.0,1.0
184: Is The NBA Ready For Vegas?,2022-04-11 10:00:00 UTC,1599.87,Road Trippin’ Show,1,1,55.0,54.0,1.0
61. LeBron James & Dwyane Wade,2017-12-11 11:00:00 UTC,5159.76,Road Trippin’ Show,1,1,55.0,30.0,25.0
Giannis and the Bucks WIN The NBA Cup!,2024-12-19 14:00:00 UTC,3296.24,Road Trippin’ Show,1,1,54.0,51.0,3.0
Game Of The Week! Magic vs. Bucks | Live Reaction,2024-12-11 02:51:00 UTC,3638.75,Road Trippin’ Show,1,1,54.0,48.0,6.0
Our WAY TOO EARLY 2024-25 NBA Season Predictions,2024-09-26 10:00:00 UTC,2735.75,Road Trippin’ Show,1,1,54.0,48.0,6.0
J.B. Bickerstaff on His Coaching Journey and Being Ready to Bring Back Detroit Pistons Basketball,2024-08-07 07:00:00 UTC,2139.95,Road Trippin’ Show,1,1,54.0,51.0,3.0
"277: Zach Collins on Giannis or Jokic, Becky Hammon and USA Basketball",2023-09-18 10:00:00 UTC,1489.53,Road Trippin’ Show,1,1,54.0,52.0,2.0
260: Victor Wembanyama Arrives in San Antonio,2023-06-30 10:00:00 UTC,1568.91,Road Trippin’ Show,1,1,54.0,54.0,0.0
134: Family Chosen Wine + The Sports Gap,2020-10-22 14:00:00 UTC,2580.82,Road Trippin’ Show,1,1,54.0,52.0,2.0
126: The Arizona Alum Episode: Steve Kerr,2020-07-13 17:28:50 UTC,3031.43,Road Trippin’ Show,1,1,54.0,48.0,6.0
308: Does Jayson Tatum Get Enough Credit? | Arrest Court-Stormers?!,2024-02-28 14:00:00 UTC,2899.15,Road Trippin’ Show,1,1,53.0,51.0,2.0
289: Who Won the James Harden Trade? | Porzingis Propelling Boston,2023-11-01 10:00:00 UTC,2104.22,Road Trippin’ Show,1,1,53.0,52.0,1.0
Why the Knicks Got It ALL WRONG by Firing Thibs + NBA Finals Predictions,2025-06-03 22:00:00 UTC,3824.95,Road Trippin’ Show,1,1,52.0,48.0,4.0
"NBA Cup Predictions, Suns Struggles & Rockets Culture Shift",2024-12-10 19:06:27 UTC,2872.19,Road Trippin’ Show,1,1,52.0,48.0,4.0
JJ Redick is Building a Culture of Competitiveness in L.A.,2024-11-19 14:00:00 UTC,3741.2,Road Trippin’ Show,1,1,52.0,44.0,8.0
TEAM USA'S COMEBACK VS SERBIA!!! | Olympic Semifinal Postgame LIVE REACTION!,2024-08-08 22:23:59 UTC,1772.28,Road Trippin’ Show,1,1,52.0,51.0,1.0
272: What Would a 2016 Cavaliers Docuseries Look Like?!,2023-08-21 10:00:00 UTC,2090.11,Road Trippin’ Show,1,1,52.0,52.0,0.0
263: Clippers Rookie Kobe Brown On Kobe Bryant Connection & Adjusting To NBA Life,2023-07-13 10:00:00 UTC,1826.19,Road Trippin’ Show,1,1,52.0,52.0,0.0
245: Will LeBron Take The Bait?,2023-04-21 10:00:00 UTC,2345.87,Road Trippin’ Show,1,1,52.0,52.0,0.0
"136: Dwyane Wade (Part 1) on The Cube, Life in Retirement, Jimmy Butler & More",2020-11-24 15:00:00 UTC,2653.15,Road Trippin’ Show,1,1,52.0,47.0,5.0
"ROAD TRIPPIN’ Predicts OKC Will HUNT Haliburton, Stephen A. vs Memphis & Lakers $10B SALE",2025-06-19 21:05:31 UTC,3201.38,Road Trippin’ Show,1,1,51.0,50.0,1.0
"321: An NBA Post-Season Mailbag: JJ's Coaching the Lakers, Can the Celtics Repeat, and More",2024-06-26 07:00:00 UTC,3037.78,Road Trippin’ Show,1,1,51.0,47.0,4.0
281: Which NBA Teams Would RISK Trading for James Harden?,2023-10-06 10:00:00 UTC,1888.86,Road Trippin’ Show,1,1,51.0,50.0,1.0
271: What You're MISSING About James Harden's Feud With Daryl Morey!,2023-08-17 10:00:00 UTC,2145.57,Road Trippin’ Show,1,1,51.0,49.0,2.0
259: Warriors Land Chris Paul | Dame Needs Help,2023-06-29 10:00:00 UTC,2008.03,Road Trippin’ Show,1,1,51.0,50.0,1.0
191: Sixers & Mavs Know They Don't Have Enough,2022-05-09 10:00:00 UTC,1997.9,Road Trippin’ Show,1,1,51.0,49.0,2.0
82. ESPN - Dave McMenamin (PART 2),2018-07-30 20:00:00 UTC,2838.49,Road Trippin’ Show,1,1,51.0,46.0,5.0
Nuggets Fire Head Coach Michael Malone Just Days Before Playoffs,2025-04-09 19:03:41 UTC,2980.08,Road Trippin’ Show,1,1,50.0,46.0,4.0
"Jamal Crawford on JJ Redick, Nikola Jokic and The Best Thunder Team Ever",2025-03-07 14:00:00 UTC,3805.86,Road Trippin’ Show,1,1,50.0,44.0,6.0
"319: Celtics Take a Commanding 2-0 Lead Over Dallas | Game 2 LIVE Reaction | RJ, Big Perk and More!",2024-06-11 17:00:00 UTC,3415.54,Road Trippin’ Show,1,1,50.0,49.0,1.0
313: Nuggets Living Rent Free in Lakers' Heads | Timberwolves BULLY The Suns,2024-04-25 13:00:00 UTC,4073.33,Road Trippin’ Show,1,1,50.0,48.0,2.0
311: Vintage Kyrie | Playoff Push Begins,2024-03-21 10:00:00 UTC,3331.45,Road Trippin’ Show,1,1,50.0,48.0,2.0
309: Does Victor Wembanyama DESERVE Defensive Player of the Year?,2024-03-07 14:00:00 UTC,3703.72,Road Trippin’ Show,1,1,50.0,49.0,1.0
297: We LOVE the In-Season Tournament! | T'Wolves Have Something To Prove,2023-12-01 11:00:00 UTC,1553.42,Road Trippin’ Show,1,1,50.0,48.0,2.0
294: Techs For Staredowns?! | In-Season Tournament Love,2023-11-15 11:00:00 UTC,1246.2,Road Trippin’ Show,1,1,50.0,49.0,1.0
268: Zion's MAKE or BREAK Season: Will He Stay Healthy?,2023-08-03 10:00:00 UTC,2121.4,Road Trippin’ Show,1,1,50.0,50.0,0.0
164: Big Shot Bob aka Robert Horry,2021-08-27 15:00:00 UTC,4675.21,Road Trippin’ Show,1,1,50.0,37.0,13.0
Would a Ring Put Haliburton Over Reggie Miller?! Perk GOES OFF on SGA HATERS!,2025-05-27 22:12:28 UTC,3717.15,Road Trippin’ Show,1,1,49.0,44.0,5.0
Game Of The Week! Lakers vs. Timberwolves | Live Reaction,2024-12-03 19:50:23 UTC,3446.49,Road Trippin’ Show,1,1,49.0,41.0,8.0
"Georges Niang on Overcoming Doubts of Not Making It, Why Ben Simmons’s Holdout in Philly Pissed Him Off, and So Much More",2024-07-31 07:00:00 UTC,2483.44,Road Trippin’ Show,1,1,49.0,42.0,7.0
320: THE BOSTON CELTICS ARE NBA CHAMPIONS! | FULL LIVE REACTION,2024-06-19 13:23:07 UTC,2659.66,Road Trippin’ Show,1,1,49.0,48.0,1.0
318: NBA Finals Preview: Celtics vs. Mavs | Plus 2004 Pistons vs. 2017 Warriors,2024-06-05 07:00:00 UTC,3003.06,Road Trippin’ Show,1,1,49.0,48.0,1.0
161: Doris Burke the G.O.A.T.,2021-06-29 15:00:00 UTC,3999.97,Road Trippin’ Show,1,1,49.0,48.0,1.0
66. Gabrielle Union,2018-01-22 09:00:00 UTC,3497.67,Road Trippin’ Show,1,1,49.0,44.0,5.0
291: Julius Randle's Rough Start | Cam Thomas Is On Fire,2023-11-08 11:00:00 UTC,1841.58,Road Trippin’ Show,1,1,48.0,48.0,0.0
261: Pelicans Pod w/ Trey Murphy,2023-07-03 10:00:00 UTC,2821.56,Road Trippin’ Show,1,1,48.0,47.0,1.0
225: Luke Walton,2022-12-09 11:00:00 UTC,2675.75,Road Trippin’ Show,1,1,48.0,43.0,5.0
211: Chris Long Convo in Vegas,2022-09-14 10:00:00 UTC,3732.17,Road Trippin’ Show,1,1,48.0,46.0,2.0
Game Of The Week! Klay's Return to Golden State | Live Reaction,2024-11-13 17:25:49 UTC,5141.66,Road Trippin’ Show,1,1,47.0,43.0,4.0
Where Do Anthony Davis and Damian Lillard Rank on the NBA Top 100?,2024-10-17 13:00:00 UTC,3284.61,Road Trippin’ Show,1,1,47.0,44.0,3.0
305: Is LeBron's Championship Window in LA OFFICIALLY Closed?,2024-02-02 11:00:00 UTC,2636.43,Road Trippin’ Show,1,1,47.0,45.0,2.0
167: Jalen Suggs from Zags to the Magic,2021-09-21 15:00:00 UTC,3808.42,Road Trippin’ Show,1,1,47.0,43.0,4.0
Kendrick Perkins CLEARS THE AIR With The Boston Celtics!,2024-11-07 14:00:00 UTC,2863.62,Road Trippin’ Show,1,1,46.0,40.0,6.0
264: Gregg Popovich's Impact on Victor Wembanyama,2023-07-18 17:00:00 UTC,2264.82,Road Trippin’ Show,1,1,46.0,43.0,3.0
233: LeBron's Greatness | All-Star Reactions,2023-02-03 15:41:43 UTC,3089.79,Road Trippin’ Show,1,1,46.0,46.0,0.0
"9. Overtime with Allie, Richard and Channing feat. Kyle Korver Pt. 1",2017-02-22 16:49:00 UTC,2451.59,Road Trippin’ Show,1,1,46.0,16.0,30.0
Perk Unplugged: Bill Simmons… STOP Gatekeeping NBA Media! & NBPA: Investigate Ace Bailey NOW!,2025-06-27 20:43:16 UTC,1557.6,Road Trippin’ Show,1,1,45.0,44.0,1.0
Game of the Week! Celtics vs. Knicks | Live Reaction,2025-02-09 04:56:02 UTC,3214.63,Road Trippin’ Show,1,1,45.0,43.0,2.0
307: Giannis Doesn't Watch ANY Basketball?! | Doc Rivers/JJ Redick Beef,2024-02-22 17:00:00 UTC,3278.6,Road Trippin’ Show,1,1,45.0,45.0,0.0
290: Have The Clippers PASSED The Lakers?! | Tyrese Maxey a Top 3 Point Guard?,2023-11-02 10:00:00 UTC,1665.62,Road Trippin’ Show,1,1,45.0,45.0,0.0
244: Draymond's Circus Act,2023-04-20 23:35:00 UTC,2425.84,Road Trippin’ Show,1,1,45.0,45.0,0.0
215: Draymond Outrage | Tanking for Wemby,2022-10-10 16:32:00 UTC,3877.59,Road Trippin’ Show,1,1,45.0,45.0,0.0
201: Draymond Crosses The Line,2022-06-30 10:00:00 UTC,3823.18,Road Trippin’ Show,1,1,45.0,44.0,1.0
"165: Cam Johnson & James Jones, FanDuel Sportsbook Phoenix Opening",2021-09-10 20:45:00 UTC,3261.0,Road Trippin’ Show,1,1,45.0,39.0,6.0
310: Nuggets Comeback Concerns? | Who's the Next Face of the NBA?,2024-03-14 13:00:00 UTC,3669.6,Road Trippin’ Show,1,1,44.0,40.0,4.0
262: Summer League in Las Vegas w/ Dereck Lively II,2023-07-11 10:00:00 UTC,2232.16,Road Trippin’ Show,1,1,44.0,44.0,0.0
216: Predictions Before '22 Tip-Off,2022-10-17 14:58:00 UTC,3423.69,Road Trippin’ Show,1,1,44.0,44.0,0.0
172: Josh Kroenke On Hosting The Super Bowl & First PGA PRO-AM,2022-02-11 08:00:00 UTC,4998.87,Road Trippin’ Show,1,1,44.0,43.0,1.0
27.  Will Kyrie Irving be the Lauryn Hill of the NBA? ... The Originals are BACK!,2017-05-12 13:15:00 UTC,5166.18,Road Trippin’ Show,1,1,44.0,31.0,13.0
"Perk Unplugged: KD to HOUSTON, Caitlin Clark’s UNFAIR Power & Why Dwayne Wade is WRONG",2025-06-22 19:31:02 UTC,1652.32,Road Trippin’ Show,1,1,43.0,42.0,1.0
Is Jokic the MVP Favorite or Can Steph and AD Challenge Him?,2024-11-26 19:03:23 UTC,3670.36,Road Trippin’ Show,1,1,43.0,37.0,6.0
Game Of The Week! Mavs Defeat Timberwolves | Postgame Live Reaction,2024-10-30 13:00:00 UTC,2106.49,Road Trippin’ Show,1,1,43.0,38.0,5.0
"315: ""Lazy"" MVP Voting | Coaching Carousel, Explained",2024-05-15 07:01:00 UTC,3345.06,Road Trippin’ Show,1,1,43.0,41.0,2.0
298: Ime Udoka Goes At LeBron | Can Jayson Tatum Win on the Big Stage?,2023-12-06 11:00:00 UTC,1580.12,Road Trippin’ Show,1,1,43.0,42.0,1.0
288: Can Victor Wembanyama Dominate the NBA? First Look at a Basketball Phenom!,2023-10-25 10:00:00 UTC,1878.31,Road Trippin’ Show,1,1,43.0,41.0,2.0
283: Are the 76ers Doing EVERYTHING to Help Joel Embiid?!,2023-10-13 10:00:00 UTC,2164.3,Road Trippin’ Show,1,1,43.0,43.0,0.0
274: Magic Johnson vs. Steph Curry: Who's the TRUE King of Point Guards?!,2023-08-31 10:00:00 UTC,2148.73,Road Trippin’ Show,1,1,43.0,43.0,0.0
270: The Truth About Today's NBA Players vs Old School Legends,2023-08-14 10:00:00 UTC,1790.04,Road Trippin’ Show,1,1,43.0,41.0,2.0
267: Truth or Trash: NBA Hot Takes with Richard and Channing,2023-08-01 10:00:00 UTC,1721.5,Road Trippin’ Show,1,1,43.0,42.0,1.0
242: NBA Play-In REACTIONS | Can The Lakers Run The Table?,2023-04-13 01:38:00 UTC,1596.08,Road Trippin’ Show,1,1,43.0,43.0,0.0
241: NBA Playoff Push,2023-04-06 10:00:00 UTC,3071.19,Road Trippin’ Show,1,1,43.0,43.0,0.0
"293: Zion Needs to ""Buy In"" | Wiggins Stoking Warriors Worries",2023-11-14 11:00:00 UTC,1746.29,Road Trippin’ Show,1,1,42.0,42.0,0.0
247: Conference Semis Predictions,2023-04-28 10:00:00 UTC,1697.04,Road Trippin’ Show,1,1,42.0,42.0,0.0
"139: LeBron James (Part 2) Talks Space Jam: A New Legacy, Proving Haters Wrong, and more.",2020-12-08 15:00:00 UTC,3064.63,Road Trippin’ Show,1,1,42.0,37.0,5.0
287: Unpacking the NBA's Opening Night | Lakers vs Nuggets Duel,2023-10-24 10:00:00 UTC,1837.56,Road Trippin’ Show,1,1,41.0,39.0,2.0
234: NBA Trade Deadline Winners & Losers,2023-02-10 22:02:10 UTC,3345.4,Road Trippin’ Show,1,1,41.0,41.0,0.0
35. F**k Road Trippin' w/ Robert Horry,2017-07-13 09:20:00 UTC,4702.56,Road Trippin’ Show,1,1,41.0,24.0,17.0
Shai Wins MVP! Can Any American End the Drought? & Inside OKC’s Elite Defense,2025-05-22 00:11:03 UTC,3466.4,Road Trippin’ Show,1,1,40.0,35.0,5.0
286: Zion Williamson's Reliability for 2023 | NBA's Next Household Name,2023-10-20 10:00:00 UTC,1151.37,Road Trippin’ Show,1,1,40.0,39.0,1.0
252: Jimmy Butler Is Batman | Sixers Quit On Doc Rivers,2023-05-19 10:00:00 UTC,1750.94,Road Trippin’ Show,1,1,40.0,40.0,0.0
238: Who's the REAL MVP?,2023-03-14 13:14:00 UTC,3183.49,Road Trippin’ Show,1,1,40.0,40.0,0.0
237: Ja Morant's Wake-Up Call,2023-03-10 00:04:40 UTC,3399.58,Road Trippin’ Show,1,1,40.0,39.0,1.0
157: Jason Collins & Pride Month,2021-05-26 16:00:00 UTC,4441.29,Road Trippin’ Show,1,1,40.0,25.0,15.0
"8.  Richard, Rafa & Allie feat. Bill Walton",2017-02-20 18:32:00 UTC,2550.15,Road Trippin’ Show,1,1,40.0,13.0,27.0
292: Lakers Relying Too Much on LeBron? | High School NIL Deals?,2023-11-09 11:00:00 UTC,1638.11,Road Trippin’ Show,1,1,39.0,38.0,1.0
256: 2023 NBA Finals Preview and Predictions,2023-05-31 20:53:00 UTC,2693.49,Road Trippin’ Show,1,1,39.0,39.0,0.0
248: Are the Suns Finished? | Naz Reid,2023-05-05 19:36:00 UTC,2135.12,Road Trippin’ Show,1,1,39.0,39.0,0.0
176: Ja Morant - Ready for Liftoff,2022-03-14 10:00:00 UTC,2178.3,Road Trippin’ Show,1,1,39.0,38.0,1.0
285: How James Harden's Trade Rumors Are OVERSHADOWING Joel Embiid,2023-10-19 10:00:00 UTC,1903.7,Road Trippin’ Show,1,1,38.0,37.0,1.0
279: The NBA Franchise YOU'D Want to Own: Which Team Has the Most Upside?,2023-09-22 10:00:00 UTC,1071.49,Road Trippin’ Show,1,1,38.0,37.0,1.0
209: Durant Staying | LeBron Keeps Playing,2022-08-24 16:05:00 UTC,3300.34,Road Trippin’ Show,1,1,38.0,37.0,1.0
156: Richaun Holmes Says Mom Knows Best,2021-05-17 15:00:00 UTC,2657.38,Road Trippin’ Show,1,1,38.0,36.0,2.0
78. Charles Barkley,2018-04-26 08:00:00 UTC,5343.56,Road Trippin’ Show,1,1,38.0,21.0,17.0
37. On a BOAT w/Memphis Grizzlies Associate Head Coach JB Bickerstaff,2017-07-27 15:55:00 UTC,4481.67,Road Trippin’ Show,1,1,38.0,24.0,14.0
236: BREAKING NEWS w/ Shams Charania,2023-02-28 11:00:00 UTC,3421.41,Road Trippin’ Show,1,1,37.0,37.0,0.0
210: Knicks' Sticker Shock on Spida | Gil on Giannis,2022-09-01 10:00:00 UTC,3022.76,Road Trippin’ Show,1,1,37.0,35.0,2.0
163: Carry The Hell On with Kendrick Perkins,2021-08-19 19:00:00 UTC,4870.92,Road Trippin’ Show,1,1,37.0,31.0,6.0
"137: LeBron James (Part 1) on Winning Ring #4, Offseason Moves, and Lakers Repeat Chances",2020-12-02 05:00:00 UTC,2723.29,Road Trippin’ Show,1,1,37.0,27.0,10.0
135: Just Women Sports | Kelley O'Hara & Haley Rosen,2020-11-16 15:00:00 UTC,2623.01,Road Trippin’ Show,1,1,37.0,36.0,1.0
16.  Josh Kroenke ... The President & Governor of the Denver Nuggets & The Colorado Avalanche,2017-03-22 17:42:00 UTC,5216.08,Road Trippin’ Show,1,1,37.0,26.0,11.0
"11.  Kent Bazemore ..""You gotta ring tho!""",2017-03-04 23:58:00 UTC,4256.1,Road Trippin’ Show,1,1,37.0,17.0,20.0
316: The Celtics Escape The Pacers! | Game 1 LIVE Reaction & Mavs vs. Wolves Preview with Kendrick Perkins,2024-05-22 10:00:00 UTC,3311.86,Road Trippin’ Show,1,1,36.0,35.0,1.0
296: Breaking Down the BEEF Between Chris Paul and Scott Foster,2023-11-30 18:14:35 UTC,1694.54,Road Trippin’ Show,1,1,36.0,35.0,1.0
226: Struggling Celtics? | Akbar Gbajabiamila,2022-12-19 11:00:00 UTC,4919.28,Road Trippin’ Show,1,1,36.0,35.0,1.0
220: Gettin' Buckets w/ Michael Porter Jr.,2022-11-14 11:00:00 UTC,2034.89,Road Trippin’ Show,1,1,36.0,34.0,2.0
207: LeBron To Finish Career With Cavs?,2022-08-11 16:59:00 UTC,2971.48,Road Trippin’ Show,1,1,36.0,35.0,1.0
204: Warriors Buying Championships? | NBA Legends TV,2022-07-27 10:00:00 UTC,2021.38,Road Trippin’ Show,1,1,36.0,36.0,0.0
129: Chiney Ogwumike's World & The NBA Bubble,2020-08-19 14:00:00 UTC,2685.2,Road Trippin’ Show,1,1,36.0,34.0,2.0
73. Harrison Barnes,2018-03-12 08:00:00 UTC,5341.15,Road Trippin’ Show,1,1,36.0,22.0,14.0
38.  Los Angeles Lakers Rookie: Josh Hart,2017-07-31 10:13:00 UTC,3730.13,Road Trippin’ Show,1,1,36.0,27.0,9.0
284: Can Anthony Davis Secure His FIRST NBA Defensive Player of The Year Award?,2023-10-14 10:00:00 UTC,1414.84,Road Trippin’ Show,1,1,35.0,34.0,1.0
"265: Rex Chapman Talks NBA Party Stories, Channing's $36K Tab & NIL Deals",2023-07-20 10:00:00 UTC,1575.24,Road Trippin’ Show,1,1,35.0,35.0,0.0
255: Where Will Nikola Jokic Rank All-Time?,2023-05-24 10:00:00 UTC,1625.44,Road Trippin’ Show,1,1,35.0,35.0,0.0
253: Nikola Jokic is HIM!,2023-05-20 10:00:00 UTC,1450.37,Road Trippin’ Show,1,1,35.0,35.0,0.0
250: Two More Game 7s?,2023-05-12 18:41:00 UTC,1959.5,Road Trippin’ Show,1,1,35.0,34.0,1.0
227: Xmas Games | Derrick White,2022-12-23 11:00:00 UTC,2790.87,Road Trippin’ Show,1,1,35.0,35.0,0.0
185: NBA Playoffs Preview Feat. Derek Fisher (PT 1),2022-04-15 10:00:00 UTC,1545.87,Road Trippin’ Show,1,1,35.0,33.0,2.0
13.  Fans Q & A,2017-03-09 16:28:00 UTC,3230.25,Road Trippin’ Show,1,1,35.0,15.0,20.0
"5.   Richard, Channing & Allie feat. Kevin Love Pt. 2",2017-02-09 15:56:00 UTC,1526.67,Road Trippin’ Show,1,1,35.0,16.0,19.0
NOBODY Can Match Up With The Celtics!,2024-10-24 10:00:00 UTC,3435.6,Road Trippin’ Show,1,1,34.0,30.0,4.0
251: Celtics In 7 | Nuggets The New Favorite,2023-05-13 10:00:00 UTC,1288.54,Road Trippin’ Show,1,1,34.0,34.0,0.0
235: Money Mac McClung | ASG Is Missing Kobe,2023-02-22 11:00:00 UTC,3101.96,Road Trippin’ Show,1,1,34.0,34.0,0.0
221: Champions Era Closing,2022-11-18 18:28:03 UTC,2081.44,Road Trippin’ Show,1,1,34.0,34.0,0.0
198: Finals Faceoff | Lakers New Direction,2022-06-07 20:55:00 UTC,2844.24,Road Trippin’ Show,1,1,34.0,31.0,3.0
254: Celtics Are Cooked | Nuggets Sweep Lakers,2023-05-23 19:44:40 UTC,1609.59,Road Trippin’ Show,1,1,33.0,33.0,0.0
183: NBA Awards Special Feat. Josiah Johnson,2022-04-08 10:00:00 UTC,3259.48,Road Trippin’ Show,1,1,33.0,32.0,1.0
170: Chosen Family & 6 Weeks into the NBA Season,2021-12-01 16:00:00 UTC,2927.52,Road Trippin’ Show,1,1,33.0,28.0,5.0
56.  Iman Shumpert,2017-11-13 06:09:00 UTC,4212.14,Road Trippin’ Show,1,1,33.0,22.0,11.0
23.  Up 2-0 ...#CavsPacers,2017-04-24 14:53:00 UTC,3761.82,Road Trippin’ Show,1,1,33.0,12.0,21.0
231: Ben Simmons Needs To Step Up,2023-01-19 11:00:00 UTC,3365.17,Road Trippin’ Show,1,1,32.0,32.0,0.0
228: Best Moments of 2022,2022-12-29 11:00:00 UTC,2955.02,Road Trippin’ Show,1,1,32.0,32.0,0.0
217: Lebron's Frustration w/ Carlos Arroyo,2022-10-24 17:06:02 UTC,3551.32,Road Trippin’ Show,1,1,32.0,31.0,1.0
199: Metta Sandiford-Artest | Curry MVP Debate,2022-06-15 20:48:00 UTC,3620.52,Road Trippin’ Show,1,1,32.0,32.0,0.0
158: Thaddeus Young on 14 Years in the NBA,2021-06-01 15:00:00 UTC,4255.71,Road Trippin’ Show,1,1,32.0,30.0,2.0
223: MVPs Emerging,2022-12-02 11:00:00 UTC,1993.61,Road Trippin’ Show,1,1,31.0,29.0,2.0
181: Ariana Kukors Smith: A Conversation Around Transgender Athletes,2022-04-01 10:00:00 UTC,3277.09,Road Trippin’ Show,1,1,31.0,29.0,2.0
128: Just the Three of Us - Bubble Talk,2020-08-07 14:00:00 UTC,2067.28,Road Trippin’ Show,1,1,31.0,26.0,5.0
203: Summer League Coaches Corner | Spinsters Collab,2022-07-20 10:00:00 UTC,5505.31,Road Trippin’ Show,1,1,30.0,29.0,1.0
189: Sharing The Blame,2022-04-29 10:00:00 UTC,2986.61,Road Trippin’ Show,1,1,30.0,28.0,2.0
188: Your Right To Party,2022-04-25 10:00:00 UTC,1836.07,Road Trippin’ Show,1,1,30.0,29.0,1.0
"179: ""This Ain't High School, Zion.""",2022-03-25 10:00:00 UTC,2106.25,Road Trippin’ Show,1,1,30.0,28.0,2.0
173: Kendrick Perkins On Embiid/Harden Dynamic,2022-02-25 11:00:00 UTC,3251.33,Road Trippin’ Show,1,1,30.0,28.0,2.0
154: Zach Lowe on the 2021 NBA Playoffs & League MVP,2021-05-04 03:26:00 UTC,3774.62,Road Trippin’ Show,1,1,30.0,28.0,2.0
"138: Dwyane Wade (Part 2) on Wade Cellars, Road Trippin w/ Channing for College Tailgating & more.",2020-12-04 15:00:00 UTC,2653.44,Road Trippin’ Show,1,1,30.0,24.0,6.0
"2.  Richard, Channing & Allie",2017-01-24 21:41:00 UTC,2967.12,Road Trippin’ Show,1,1,30.0,13.0,17.0
205: Durant's Next Move | Jeff The Ref,2022-08-01 10:00:00 UTC,2944.84,Road Trippin’ Show,1,1,29.0,29.0,0.0
202: Larry Nance Jr. Convo at Vegas Summer League,2022-07-13 10:00:00 UTC,4332.85,Road Trippin’ Show,1,1,29.0,25.0,4.0
197: Warriors Lack Of Focus | NBA Finals Preview,2022-06-02 21:00:00 UTC,3011.19,Road Trippin’ Show,1,1,29.0,28.0,1.0
193: Heat & Mavs Flip The Switch,2022-05-13 10:00:00 UTC,1957.22,Road Trippin’ Show,1,1,29.0,28.0,1.0
190: Dillon Brooks Flagrant | Beating Draymond To The Punch,2022-05-06 10:00:00 UTC,2119.92,Road Trippin’ Show,1,1,29.0,28.0,1.0
121: KENDRICK PERKINS,2020-06-12 14:00:00 UTC,4010.16,Road Trippin’ Show,1,1,29.0,21.0,8.0
116. RT Crew on hiatus,2020-03-21 15:08:00 UTC,3423.56,Road Trippin’ Show,1,1,29.0,26.0,3.0
101. Channing Frye feat. Matthew Dellavedova,2019-02-25 19:05:00 UTC,3594.79,Road Trippin’ Show,1,1,29.0,23.0,6.0
95. Channing & Angel feat. Larry Nance Jr. (PART 2),2019-01-14 19:36:00 UTC,2470.48,Road Trippin’ Show,1,1,29.0,25.0,4.0
59. Kevin Love & Dwyane Wade,2017-11-30 09:00:00 UTC,4124.79,Road Trippin’ Show,1,1,29.0,9.0,20.0
10.  When things get heated…. #LaFlamaBlanco,2017-02-27 21:36:00 UTC,466.21,Road Trippin’ Show,1,1,29.0,21.0,8.0
182: All Eyes On South Beach,2022-04-04 10:00:00 UTC,2626.93,Road Trippin’ Show,1,1,28.0,27.0,1.0
87. Evan & Brooke feat. Wade Baldwin IV,2018-12-05 11:05:00 UTC,4479.45,Road Trippin’ Show,1,1,28.0,20.0,8.0
79. Tristan Thompson,2018-05-09 08:00:00 UTC,3415.14,Road Trippin’ Show,1,1,28.0,20.0,8.0
42.  New Girl: Lamorne Morris,2017-08-23 10:05:00 UTC,3644.0,Road Trippin’ Show,1,1,28.0,18.0,10.0
"14.  UNCLE DREW is back ... First Half w/ ""The Originals""",2017-03-14 13:59:00 UTC,1595.87,Road Trippin’ Show,1,1,28.0,19.0,9.0
229: Can The Nuggets Make A Championship Run?,2023-01-06 22:27:00 UTC,3168.63,Road Trippin’ Show,1,1,27.0,27.0,0.0
159: Damon Jones Getting Special Treatment & Creating Worldwide Trends,2021-06-10 16:55:00 UTC,3335.76,Road Trippin’ Show,1,1,27.0,23.0,4.0
"145: Jamal Crawford, a TRUE Hooper",2021-02-23 16:00:00 UTC,2894.63,Road Trippin’ Show,1,1,27.0,24.0,3.0
140: Happy 2021,2021-01-11 16:00:00 UTC,3038.41,Road Trippin’ Show,1,1,27.0,26.0,1.0
124: Jerry Hairston Jr,2020-07-02 14:00:00 UTC,3018.34,Road Trippin’ Show,1,1,27.0,25.0,2.0
51.  Isaiah Thomas and Jae Crowder Opening Night Preview,2017-10-17 05:13:00 UTC,3975.58,Road Trippin’ Show,1,1,27.0,12.0,15.0
31.  ECF .... Deron Williams joins RT!,2017-05-31 05:50:00 UTC,3001.39,Road Trippin’ Show,1,1,27.0,19.0,8.0
208: The Legacy Edition,2022-08-18 18:33:00 UTC,3859.38,Road Trippin’ Show,1,1,26.0,26.0,0.0
206: Talkin' Trash Talkers w Duncan Robinson,2022-08-04 10:00:00 UTC,2298.93,Road Trippin’ Show,1,1,26.0,25.0,1.0
194: Celtics vs Heat | Suns Collapse,2022-05-19 10:00:00 UTC,1837.61,Road Trippin’ Show,1,1,26.0,25.0,1.0
186: NBA Playoffs Preview Feat. Derek Fisher (PT 2),2022-04-18 10:00:00 UTC,1663.84,Road Trippin’ Show,1,1,26.0,25.0,1.0
166: Cavs Rookie Evan Mobley,2021-09-17 15:00:00 UTC,2720.03,Road Trippin’ Show,1,1,26.0,18.0,8.0
94. Channing & Angel feat. Larry Nance Jr. (PART 1),2019-01-07 08:00:00 UTC,2864.38,Road Trippin’ Show,1,1,26.0,21.0,5.0
192: MVP Award Is Flawed,2022-05-12 10:00:00 UTC,2310.43,Road Trippin’ Show,1,1,25.0,23.0,2.0
177: What's REALLY Going On With The Lakers?,2022-03-18 14:05:00 UTC,3126.02,Road Trippin’ Show,1,1,25.0,24.0,1.0
174: Beasts Of The East,2022-03-04 11:00:00 UTC,3448.4,Road Trippin’ Show,1,1,25.0,23.0,2.0
50. JR Smith,2017-10-13 06:32:00 UTC,5136.72,Road Trippin’ Show,1,1,25.0,16.0,9.0
"6.   Richard, Channing & Allie feat. Tristan Thompson",2017-02-13 15:38:00 UTC,2128.54,Road Trippin’ Show,1,1,25.0,12.0,13.0
117. King joins RT in Quarantine,2020-03-26 17:01:00 UTC,3112.91,Road Trippin’ Show,1,1,24.0,21.0,3.0
72. Tim Duncan on Assistant Coach Becky Hammon,2018-03-08 16:28:00 UTC,329.12,Road Trippin’ Show,1,1,24.0,15.0,9.0
36. Lindsey Vonn,2017-07-24 08:36:00 UTC,3463.39,Road Trippin’ Show,1,1,24.0,14.0,10.0
28.  Cavs Up 3-0 ... Spread the Love,2017-05-17 15:58:00 UTC,1984.05,Road Trippin’ Show,1,1,24.0,14.0,10.0
155: Bear Down with Adia Barnes,2021-05-10 15:00:00 UTC,2803.28,Road Trippin’ Show,1,1,23.0,22.0,1.0
"153: Mike Wilbon, a Friend of the GREATS: Michael Jordan & Kobe Bryant",2021-04-26 15:00:00 UTC,4626.16,Road Trippin’ Show,1,1,23.0,22.0,1.0
"150: Arike Ogunbowale, 2020 WNBA Scoring Champ",2021-04-05 15:00:00 UTC,3066.57,Road Trippin’ Show,1,1,23.0,22.0,1.0
132: David Fizdale on NBA Playoffs & Responsibilities as a Coach,2020-09-17 14:00:00 UTC,2679.61,Road Trippin’ Show,1,1,23.0,20.0,3.0
120: State of our Country & Beyond,2020-06-06 14:26:58 UTC,3497.61,Road Trippin’ Show,1,1,23.0,21.0,2.0
88. Channing & Angel feat. George Hill,2018-12-10 08:00:00 UTC,3142.82,Road Trippin’ Show,1,1,23.0,17.0,6.0
76. Denver Nuggets Takeover,2018-04-02 21:48:00 UTC,3146.08,Road Trippin’ Show,1,1,23.0,19.0,4.0
25.  #Cavs #Raptors ... Up 3-0 & It's Derby Day!!,2017-05-08 16:13:00 UTC,3010.87,Road Trippin’ Show,1,1,23.0,14.0,9.0
213: What Happens in Vegas | NBA Season Preview,2022-09-28 10:00:00 UTC,3960.11,Road Trippin’ Show,1,1,22.0,22.0,0.0
"187: ""They're A Problem.""",2022-04-22 10:00:00 UTC,2084.18,Road Trippin’ Show,1,1,22.0,21.0,1.0
"152: JERR-Y, JERR-Y, JERR-Y... Jerry Springer",2021-04-19 15:00:00 UTC,3438.11,Road Trippin’ Show,1,1,22.0,21.0,1.0
115. Rockin' Protein Takes Us To Tucson,2020-03-05 17:30:00 UTC,2960.93,Road Trippin’ Show,1,1,22.0,16.0,6.0
103. Channing Frye feat. Alec Burks,2019-03-11 17:10:00 UTC,3674.17,Road Trippin’ Show,1,1,22.0,21.0,1.0
85. Iman Shumpert,2018-09-17 07:00:00 UTC,3192.37,Road Trippin’ Show,1,1,22.0,16.0,6.0
80. Jeff Green Reflects,2018-05-29 03:40:00 UTC,1305.13,Road Trippin’ Show,1,1,22.0,16.0,6.0
70. Devin Harris (Maverick style),2018-02-23 12:58:00 UTC,3758.34,Road Trippin’ Show,1,1,22.0,12.0,10.0
"68. Gary Harris, Will Barton, Mason Plumlee",2018-02-09 09:00:00 UTC,3127.2,Road Trippin’ Show,1,1,22.0,17.0,5.0
39.  Keynan Middleton & Mike Trout,2017-08-08 05:26:00 UTC,4566.49,Road Trippin’ Show,1,1,22.0,19.0,3.0
"17.  James Jones ... ""The Champ is here""",2017-03-25 14:43:00 UTC,3658.06,Road Trippin’ Show,1,1,22.0,11.0,11.0
175: Coach of the Year Convo,2022-03-11 21:06:00 UTC,3273.74,Road Trippin’ Show,1,1,21.0,20.0,1.0
96. Evan & Brooke feat. Taylor Rooks,2019-01-21 09:32:00 UTC,3140.02,Road Trippin’ Show,1,1,21.0,19.0,2.0
49. Tito Francona & Andre Knott,2017-09-29 07:45:00 UTC,3352.87,Road Trippin’ Show,1,1,21.0,18.0,3.0
109. Quinn & Kerith feat. Jordan Bell,2019-04-04 16:17:00 UTC,3749.07,Road Trippin’ Show,1,1,20.0,19.0,1.0
"75. Channing, Jose Calderon, Savannah Werner",2018-03-26 08:00:00 UTC,3047.05,Road Trippin’ Show,1,1,20.0,13.0,7.0
71. Paul Millsap,2018-03-02 23:04:00 UTC,2960.85,Road Trippin’ Show,1,1,20.0,13.0,7.0
65. Derrick Rose,2018-01-15 09:00:00 UTC,2673.87,Road Trippin’ Show,1,1,20.0,13.0,7.0
21.  LIVE Edition...,2017-04-14 15:42:00 UTC,4369.53,Road Trippin’ Show,1,1,20.0,11.0,9.0
Death At The Wing,2021-04-01 19:24:00 UTC,412.92,Road Trippin’ Show,1,1,19.0,18.0,1.0
149: Angel McCoughtry Power Moves,2021-03-30 15:00:00 UTC,2725.49,Road Trippin’ Show,1,1,19.0,18.0,1.0
84. Bismack Biyombo,2018-09-10 07:00:00 UTC,2841.94,Road Trippin’ Show,1,1,19.0,17.0,2.0
74. Jordan Clarkson & Larry Nance Jr,2018-03-19 08:00:00 UTC,4125.68,Road Trippin’ Show,1,1,19.0,13.0,6.0
69. LeBron James & DJ Montage,2018-02-16 09:00:00 UTC,3847.39,Road Trippin’ Show,1,1,19.0,14.0,5.0
64. Cedi Osman,2018-01-08 09:00:00 UTC,1939.41,Road Trippin’ Show,1,1,19.0,13.0,6.0
53. OUR Final Goodbye,2017-10-27 07:07:00 UTC,2653.65,Road Trippin’ Show,1,1,19.0,16.0,3.0
30.  Ron Burgundy in the building!,2017-05-28 16:23:00 UTC,1772.25,Road Trippin’ Show,1,1,19.0,17.0,2.0
102. Evan & Brooke feat. Enes Kanter,2019-03-04 17:13:00 UTC,2685.52,Road Trippin’ Show,1,1,18.0,16.0,2.0
55. Justise Winslow,2017-11-09 06:21:00 UTC,4308.69,Road Trippin’ Show,1,1,18.0,15.0,3.0
34.  Summer Edition,2017-07-05 05:00:00 UTC,3474.47,Road Trippin’ Show,1,1,18.0,14.0,4.0
24. Up 3-0 #CavsPacers... Family Edition,2017-04-30 15:44:00 UTC,3492.41,Road Trippin’ Show,1,1,18.0,7.0,11.0
"22.   Sorry For Yelling, Now Let's Go Get a Juice Box",2017-04-15 15:40:00 UTC,747.68,Road Trippin’ Show,1,1,18.0,11.0,7.0
"112. Evan & Brook feat. ""The Shoe Surgeon""",2019-04-29 11:00:00 UTC,3998.67,Road Trippin’ Show,1,1,17.0,16.0,1.0
111. De'Aaron & Doug feat. Buddy Hield,2019-04-22 17:30:00 UTC,2104.03,Road Trippin’ Show,1,1,17.0,16.0,1.0
105. Golden State! Quinn Cook feat. Austin Rivers,2019-03-21 16:54:00 UTC,3434.87,Road Trippin’ Show,1,1,17.0,16.0,1.0
100. Evan & Brooke feat. Tommy Alter,2019-02-18 18:45:00 UTC,5143.22,Road Trippin’ Show,1,1,17.0,17.0,0.0
83. Frye Family Foundation/Children’s Cancer Association @ L’Angolo Estate,2018-09-03 07:00:00 UTC,4741.46,Road Trippin’ Show,1,1,17.0,13.0,4.0
77. Best Of 2017-2018,2018-04-09 20:00:00 UTC,3912.72,Road Trippin’ Show,1,1,17.0,15.0,2.0
58. Jeff Green,2017-11-27 08:00:00 UTC,4128.91,Road Trippin’ Show,1,1,17.0,8.0,9.0
131: Myles Garrett Knows His Hoops,2020-09-13 14:00:00 UTC,2679.93,Road Trippin’ Show,1,1,16.0,13.0,3.0
92. Channing feat. Tristan Thompson,2018-12-26 08:00:00 UTC,3308.25,Road Trippin’ Show,1,1,16.0,14.0,2.0
81. ESPN - Dave McMenamin (PART 1),2018-07-26 09:00:00 UTC,3815.65,Road Trippin’ Show,1,1,16.0,12.0,4.0
33. What Hasn't Allie Seen (should she see),2017-06-26 08:56:00 UTC,1983.22,Road Trippin’ Show,1,1,16.0,12.0,4.0
122: Latest on the NBA + #RTAnythingGoes,2020-06-17 14:00:00 UTC,3104.76,Road Trippin’ Show,1,1,15.0,13.0,2.0
106. Evan & Brooke feat. Amin Elhassan,2019-03-25 16:58:00 UTC,4349.13,Road Trippin’ Show,1,1,15.0,14.0,1.0
"99. Channing, John Michael & Angel feat. The Cleveland Cavaliers (Literally)",2019-02-11 22:17:00 UTC,3173.43,Road Trippin’ Show,1,1,15.0,14.0,1.0
97. RJ & Allie feat. James Worthy,2019-01-28 08:00:00 UTC,2693.96,Road Trippin’ Show,1,1,15.0,13.0,2.0
91. Evan & Brooke feat. Damian Lillard,2018-12-19 08:00:00 UTC,3390.54,Road Trippin’ Show,1,1,15.0,13.0,2.0
"90. Channing, Angel Gray & J Mike feat. Jordan Clarkson",2018-12-17 08:00:00 UTC,1530.04,Road Trippin’ Show,1,1,15.0,14.0,1.0
67. Malik Beasley (Kind Of),2018-01-29 09:00:00 UTC,3416.56,Road Trippin’ Show,1,1,15.0,11.0,4.0
62. Joe Thomas,2017-12-18 10:00:00 UTC,3576.66,Road Trippin’ Show,1,1,15.0,8.0,7.0
60. Jameer Nelson,2017-12-06 09:00:00 UTC,1914.15,Road Trippin’ Show,1,1,15.0,7.0,8.0
57. Jamal Murray,2017-11-13 08:00:00 UTC,3459.94,Road Trippin’ Show,1,1,15.0,5.0,10.0
44.  NBA HOF: Dr. J,2017-08-29 15:26:00 UTC,4299.96,Road Trippin’ Show,1,1,15.0,9.0,6.0
130: NBA TWITTERVERSE + PLAYOFFS,2020-09-05 16:48:00 UTC,3233.91,Road Trippin’ Show,1,1,14.0,12.0,2.0
125: Cleveland Cavaliers Head Coach JB Bickerstaff,2020-07-09 16:55:10 UTC,2883.11,Road Trippin’ Show,1,1,14.0,13.0,1.0
108. De'Aaron & Doug feat Marvin Bagley III,2019-04-01 16:55:00 UTC,3757.32,Road Trippin’ Show,1,1,14.0,14.0,0.0
107. Channing Frye feat. John Henson & Marquese Chriss,2019-03-28 17:03:00 UTC,3075.5,Road Trippin’ Show,1,1,14.0,13.0,1.0
45. 2x Stanley Cup Champ - Matt Greene,2017-09-07 11:13:00 UTC,3528.28,Road Trippin’ Show,1,1,14.0,12.0,2.0
"19.  LBJ & Champ .. ""I want to win""",2017-04-05 17:53:00 UTC,379.17,Road Trippin’ Show,1,1,14.0,7.0,7.0
104. Sacramento! De'Aaron Fox & Doug Christie,2019-03-18 15:30:00 UTC,3811.58,Road Trippin’ Show,1,1,13.0,12.0,1.0
89. Evan & Brooke feat. Jusuf Nurkić,2018-12-12 08:00:00 UTC,3062.54,Road Trippin’ Show,1,1,13.0,11.0,2.0
63. Mason Plumlee,2018-01-03 09:00:00 UTC,4560.85,Road Trippin’ Show,1,1,13.0,10.0,3.0
52.  LeBron James: Nike signature 15 shoe release!,2017-10-20 05:13:00 UTC,2271.84,Road Trippin’ Show,1,1,13.0,8.0,5.0
98. Evan & Brooke feat. Amara Baptist,2019-02-04 22:08:00 UTC,4167.24,Road Trippin’ Show,1,1,12.0,11.0,1.0
54. Cavs Legends – Austin Carr and Jim Chones,2017-11-06 05:03:00 UTC,3884.7,Road Trippin’ Show,1,1,12.0,10.0,2.0
"46.  Raymond, Is That You?",2017-09-13 17:14:00 UTC,1358.68,Road Trippin’ Show,1,1,12.0,10.0,2.0
43. Stitch Duran,2017-08-26 09:46:00 UTC,3640.03,Road Trippin’ Show,1,1,12.0,10.0,2.0
26.  Home Cookin' LIVE Edition,2017-05-10 04:16:00 UTC,4009.35,Road Trippin’ Show,1,1,12.0,6.0,6.0
47.  Larry Sanders,2017-09-15 18:15:00 UTC,3180.75,Road Trippin’ Show,1,1,11.0,9.0,2.0
48. Summer Finale,2017-09-26 13:49:00 UTC,3413.6,Road Trippin’ Show,1,1,9.0,7.0,2.0
41. April Ross,2017-08-18 04:52:00 UTC,2246.24,Road Trippin’ Show,1,1,8.0,7.0,1.0
40.  Dave McMenamin & Sarina Morales,2017-08-14 03:46:00 UTC,4191.19,Road Trippin’ Show,1,1,7.0,6.0,1.0
